"0","object.size(fang) "
"1","22681376 bytes"
"1",""
"1","
"
"0","object.size(snp) "
"1","327392 bytes"
"1",""
"1","
"
"0","class(fang) "
"1","[1]"
"1"," ""data.frame"""
"1","
"
"0","str(fang) "
"1","'data.frame':	"
"1",""
"1","2782"
"1",""
"1"," obs. of  "
"1",""
"1","986"
"1",""
"1"," variable"
"1",""
"1","s"
"1",""
"1",":"
"1",""
"1","
"
"1"," "
"1",""
"1","$ "
"1",""
"1","Sample_ID     "
"1",""
"1",":"
"1"," chr  "
"1",""
"1","""SL-15"" ""SL-16"" ""SL-11"" ""SL-12"""
"1",""
"1"," ..."
"1",""
"1","
"
"1"," "
"1",""
"1","$ "
"1",""
"1","JG_OTU        "
"1",""
"1",":"
"1"," chr  "
"1",""
"1","""T-aust-1"" ""T-aust-2"" ""T-brav-1"" ""T-brav-2"""
"1",""
"1"," ..."
"1",""
"1","
"
"1"," "
"1",""
"1","$ "
"1",""
"1","Group         "
"1",""
"1",":"
"1"," chr  "
"1",""
"1","""TRIPS"" ""TRIPS"" ""TRIPS"" ""TRIPS"""
"1",""
"1"," ..."
"1",""
"1","
"
"1"," "
"1",""
"1","$ "
"1",""
"1","abph1.20      "
"1",""
"1",":"
"1"," chr  "
"1",""
"1","""?/?"" ""?/?"" ""?/?"" ""?/?"""
"1",""
"1"," ..."
"1",""
"1","
"
"1"," "
"1",""
"1","$ "
"1",""
"1","abph1.22      "
"1",""
"1",":"
"1"," chr  "
"1",""
"1","""?/?"" ""?/?"" ""?/?"" ""?/?"""
"1",""
"1"," ..."
"1",""
"1","
"
"1"," "
"1",""
"1","$ "
"1",""
"1","ae1.3         "
"1",""
"1",":"
"1"," chr  "
"1",""
"1","""T/T"" ""T/T"" ""T/T"" ""T/T"""
"1",""
"1"," ..."
"1",""
"1","
"
"1"," "
"1",""
"1","$ "
"1",""
"1","ae1.4         "
"1",""
"1",":"
"1"," chr  "
"1",""
"1","""G/G"" ""?/?"" ""G/G"" ""G/G"""
"1",""
"1"," ..."
"1",""
"1","
"
"1"," "
"1",""
"1","$ "
"1",""
"1","ae1.5         "
"1",""
"1",":"
"1"," chr  "
"1",""
"1","""T/T"" ""T/T"" ""T/T"" ""T/T"""
"1",""
"1"," ..."
"1",""
"1","
"
"1"," "
"1",""
"1","$ "
"1",""
"1","an1.4         "
"1",""
"1",":"
"1"," chr  "
"1",""
"1","""C/C"" ""C/C"" ""?/?"" ""C/C"""
"1",""
"1"," ..."
"1",""
"1","
"
"1"," "
"1",""
"1","$ "
"1",""
"1","ba1.6         "
"1",""
"1",":"
"1"," chr  "
"1",""
"1","""?/?"" ""A/G"" ""G/G"" ""G/G"""
"1",""
"1"," ..."
"1",""
"1","
"
"1"," "
"1",""
"1","$ "
"1",""
"1","ba1.9         "
"1",""
"1",":"
"1"," chr  "
"1",""
"1","""G/G"" ""G/G"" ""G/G"" ""G/G"""
"1",""
"1"," ..."
"1",""
"1","
"
"1"," "
"1",""
"1","$ "
"1",""
"1","bt2.5         "
"1",""
"1",":"
"1"," chr  "
"1",""
"1","""?/?"" ""?/?"" ""C/C"" ""C/C"""
"1",""
"1"," ..."
"1",""
"1","
"
"1"," "
"1",""
"1","$ "
"1",""
"1","bt2.7         "
"1",""
"1",":"
"1"," chr  "
"1",""
"1","""A/A"" ""A/A"" ""A/A"" ""A/A"""
"1",""
"1"," ..."
"1",""
"1","
"
"1"," "
"1",""
"1","$ "
"1",""
"1","bt2.8         "
"1",""
"1",":"
"1"," chr  "
"1",""
"1","""?/?"" ""?/?"" ""?/?"" ""?/?"""
"1",""
"1"," ..."
"1",""
"1","
"
"1"," "
"1",""
"1","$ "
"1",""
"1","Fea2.1        "
"1",""
"1",":"
"1"," chr  "
"1",""
"1","""C/C"" ""C/C"" ""?/?"" ""?/?"""
"1",""
"1"," ..."
"1",""
"1","
"
"1"," "
"1",""
"1","$ "
"1",""
"1","Fea2.5        "
"1",""
"1",":"
"1"," chr  "
"1",""
"1","""A/A"" ""A/A"" ""A/A"" ""A/A"""
"1",""
"1"," ..."
"1",""
"1","
"
"1"," "
"1",""
"1","$ "
"1",""
"1","id1.3         "
"1",""
"1",":"
"1"," chr  "
"1",""
"1","""T/T"" ""T/T"" ""T/T"" ""T/T"""
"1",""
"1"," ..."
"1",""
"1","
"
"1"," "
"1",""
"1","$ "
"1",""
"1","lg2.11        "
"1",""
"1",":"
"1"," chr  "
"1",""
"1","""C/C"" ""C/C"" ""C/C"" ""C/C"""
"1",""
"1"," ..."
"1",""
"1","
"
"1"," "
"1",""
"1","$ "
"1",""
"1","lg2.2         "
"1",""
"1",":"
"1"," chr  "
"1",""
"1","""A/A"" ""A/A"" ""A/A"" ""A/A"""
"1",""
"1"," ..."
"1",""
"1","
"
"1"," "
"1",""
"1","$ "
"1",""
"1","pbf1.1        "
"1",""
"1",":"
"1"," chr  "
"1",""
"1","""?/?"" ""T/T"" ""T/T"" ""T/T"""
"1",""
"1"," ..."
"1",""
"1","
"
"1"," "
"1",""
"1","$ "
"1",""
"1","pbf1.2        "
"1",""
"1",":"
"1"," chr  "
"1",""
"1","""?/?"" ""?/?"" ""?/?"" ""?/?"""
"1",""
"1"," ..."
"1",""
"1","
"
"1"," "
"1",""
"1","$ "
"1",""
"1","pbf1.3        "
"1",""
"1",":"
"1"," chr  "
"1",""
"1","""?/?"" ""?/?"" ""?/?"" ""?/?"""
"1",""
"1"," ..."
"1",""
"1","
"
"1"," "
"1",""
"1","$ "
"1",""
"1","pbf1.5        "
"1",""
"1",":"
"1"," chr  "
"1",""
"1","""?/?"" ""?/?"" ""A/A"" ""A/A"""
"1",""
"1"," ..."
"1",""
"1","
"
"1"," "
"1",""
"1","$ "
"1",""
"1","pbf1.6        "
"1",""
"1",":"
"1"," chr  "
"1",""
"1","""?/?"" ""?/?"" ""?/?"" ""?/?"""
"1",""
"1"," ..."
"1",""
"1","
"
"1"," "
"1",""
"1","$ "
"1",""
"1","pbf1.7        "
"1",""
"1",":"
"1"," chr  "
"1",""
"1","""C/C"" ""C/C"" ""C/C"" ""C/C"""
"1",""
"1"," ..."
"1",""
"1","
"
"1"," "
"1",""
"1","$ "
"1",""
"1","pbf1.8        "
"1",""
"1",":"
"1"," chr  "
"1",""
"1","""C/C"" ""C/C"" ""C/C"" ""C/C"""
"1",""
"1"," ..."
"1",""
"1","
"
"1"," "
"1",""
"1","$ "
"1",""
"1","PZA00003.11   "
"1",""
"1",":"
"1"," chr  "
"1",""
"1","""?/?"" ""?/?"" ""C/C"" ""?/?"""
"1",""
"1"," ..."
"1",""
"1","
"
"1"," "
"1",""
"1","$ "
"1",""
"1","PZA00004.2    "
"1",""
"1",":"
"1"," chr  "
"1",""
"1","""T/T"" ""T/T"" ""?/?"" ""T/T"""
"1",""
"1"," ..."
"1",""
"1","
"
"1"," "
"1",""
"1","$ "
"1",""
"1","PZA00005.8    "
"1",""
"1",":"
"1"," chr  "
"1",""
"1","""G/G"" ""G/G"" ""G/G"" ""G/G"""
"1",""
"1"," ..."
"1",""
"1","
"
"1"," "
"1",""
"1","$ "
"1",""
"1","PZA00005.9    "
"1",""
"1",":"
"1"," chr  "
"1",""
"1","""C/C"" ""C/C"" ""C/C"" ""C/C"""
"1",""
"1"," ..."
"1",""
"1","
"
"1"," "
"1",""
"1","$ "
"1",""
"1","PZA00006.13   "
"1",""
"1",":"
"1"," chr  "
"1",""
"1","""A/A"" ""A/A"" ""A/A"" ""A/A"""
"1",""
"1"," ..."
"1",""
"1","
"
"1"," "
"1",""
"1","$ "
"1",""
"1","PZA00006.14   "
"1",""
"1",":"
"1"," chr  "
"1",""
"1","""?/?"" ""G/G"" ""G/G"" ""G/G"""
"1",""
"1"," ..."
"1",""
"1","
"
"1"," "
"1",""
"1","$ "
"1",""
"1","PZA00008.1    "
"1",""
"1",":"
"1"," chr  "
"1",""
"1","""C/C"" ""C/C"" ""C/C"" ""C/C"""
"1",""
"1"," ..."
"1",""
"1","
"
"1"," "
"1",""
"1","$ "
"1",""
"1","PZA00010.5    "
"1",""
"1",":"
"1"," chr  "
"1",""
"1","""C/C"" ""C/C"" ""C/C"" ""C/C"""
"1",""
"1"," ..."
"1",""
"1","
"
"1"," "
"1",""
"1","$ "
"1",""
"1","PZA00013.10   "
"1",""
"1",":"
"1"," chr  "
"1",""
"1","""A/A"" ""A/A"" ""A/A"" ""A/A"""
"1",""
"1"," ..."
"1",""
"1","
"
"1"," "
"1",""
"1","$ "
"1",""
"1","PZA00013.11   "
"1",""
"1",":"
"1"," chr  "
"1",""
"1","""C/C"" ""C/C"" ""C/T"" ""C/T"""
"1",""
"1"," ..."
"1",""
"1","
"
"1"," "
"1",""
"1","$ "
"1",""
"1","PZA00013.9    "
"1",""
"1",":"
"1"," chr  "
"1",""
"1","""T/T"" ""T/T"" ""T/T"" ""T/T"""
"1",""
"1"," ..."
"1",""
"1","
"
"1"," "
"1",""
"1","$ "
"1",""
"1","PZA00015.4    "
"1",""
"1",":"
"1"," chr  "
"1",""
"1","""?/?"" ""?/?"" ""?/?"" ""?/?"""
"1",""
"1"," ..."
"1",""
"1","
"
"1"," "
"1",""
"1","$ "
"1",""
"1","PZA00017.1    "
"1",""
"1",":"
"1"," chr  "
"1",""
"1","""G/G"" ""G/G"" ""G/G"" ""G/G"""
"1",""
"1"," ..."
"1",""
"1","
"
"1"," "
"1",""
"1","$ "
"1",""
"1","PZA00018.5    "
"1",""
"1",":"
"1"," chr  "
"1",""
"1","""C/C"" ""C/C"" ""C/C"" ""C/C"""
"1",""
"1"," ..."
"1",""
"1","
"
"1"," "
"1",""
"1","$ "
"1",""
"1","PZA00029.11   "
"1",""
"1",":"
"1"," chr  "
"1",""
"1","""C/C"" ""C/C"" ""C/C"" ""C/C"""
"1",""
"1"," ..."
"1",""
"1","
"
"1"," "
"1",""
"1","$ "
"1",""
"1","PZA00029.12   "
"1",""
"1",":"
"1"," chr  "
"1",""
"1","""T/T"" ""T/T"" ""T/T"" ""T/T"""
"1",""
"1"," ..."
"1",""
"1","
"
"1"," "
"1",""
"1","$ "
"1",""
"1","PZA00030.11   "
"1",""
"1",":"
"1"," chr  "
"1",""
"1","""?/?"" ""?/?"" ""?/?"" ""?/?"""
"1",""
"1"," ..."
"1",""
"1","
"
"1"," "
"1",""
"1","$ "
"1",""
"1","PZA00031.5    "
"1",""
"1",":"
"1"," chr  "
"1",""
"1","""C/C"" ""C/C"" ""C/C"" ""C/C"""
"1",""
"1"," ..."
"1",""
"1","
"
"1"," "
"1",""
"1","$ "
"1",""
"1","PZA00041.3    "
"1",""
"1",":"
"1"," chr  "
"1",""
"1","""?/?"" ""?/?"" ""?/?"" ""?/?"""
"1",""
"1"," ..."
"1",""
"1","
"
"1"," "
"1",""
"1","$ "
"1",""
"1","PZA00042.2    "
"1",""
"1",":"
"1"," chr  "
"1",""
"1","""?/?"" ""T/T"" ""?/?"" ""?/?"""
"1",""
"1"," ..."
"1",""
"1","
"
"1"," "
"1",""
"1","$ "
"1",""
"1","PZA00042.5    "
"1",""
"1",":"
"1"," chr  "
"1",""
"1","""C/C"" ""C/C"" ""C/C"" ""C/C"""
"1",""
"1"," ..."
"1",""
"1","
"
"1"," "
"1",""
"1","$ "
"1",""
"1","PZA00043.7    "
"1",""
"1",":"
"1"," chr  "
"1",""
"1","""T/T"" ""T/T"" ""T/T"" ""T/T"""
"1",""
"1"," ..."
"1",""
"1","
"
"1"," "
"1",""
"1","$ "
"1",""
"1","PZA00045.1    "
"1",""
"1",":"
"1"," chr  "
"1",""
"1","""G/G"" ""G/G"" ""G/G"" ""G/G"""
"1",""
"1"," ..."
"1",""
"1","
"
"1"," "
"1",""
"1","$ "
"1",""
"1","PZA00047.2    "
"1",""
"1",":"
"1"," chr  "
"1",""
"1","""C/C"" ""C/C"" ""C/C"" ""C/C"""
"1",""
"1"," ..."
"1",""
"1","
"
"1"," "
"1",""
"1","$ "
"1",""
"1","PZA00049.12   "
"1",""
"1",":"
"1"," chr  "
"1",""
"1","""?/?"" ""?/?"" ""T/T"" ""T/T"""
"1",""
"1"," ..."
"1",""
"1","
"
"1"," "
"1",""
"1","$ "
"1",""
"1","PZA00050.9    "
"1",""
"1",":"
"1"," chr  "
"1",""
"1","""A/A"" ""A/A"" ""?/?"" ""?/?"""
"1",""
"1"," ..."
"1",""
"1","
"
"1"," "
"1",""
"1","$ "
"1",""
"1","PZA00051.2    "
"1",""
"1",":"
"1"," chr  "
"1",""
"1","""A/A"" ""A/A"" ""A/A"" ""A/A"""
"1",""
"1"," ..."
"1",""
"1","
"
"1"," "
"1",""
"1","$ "
"1",""
"1","PZA00058.5    "
"1",""
"1",":"
"1"," chr  "
"1",""
"1","""?/?"" ""?/?"" ""?/?"" ""?/?"""
"1",""
"1"," ..."
"1",""
"1","
"
"1"," "
"1",""
"1","$ "
"1",""
"1","PZA00058.6    "
"1",""
"1",":"
"1"," chr  "
"1",""
"1","""T/T"" ""?/?"" ""T/T"" ""T/T"""
"1",""
"1"," ..."
"1",""
"1","
"
"1"," "
"1",""
"1","$ "
"1",""
"1","PZA00060.2    "
"1",""
"1",":"
"1"," chr  "
"1",""
"1","""?/?"" ""?/?"" ""C/C"" ""C/C"""
"1",""
"1"," ..."
"1",""
"1","
"
"1"," "
"1",""
"1","$ "
"1",""
"1","PZA00061.1    "
"1",""
"1",":"
"1"," chr  "
"1",""
"1","""?/?"" ""?/?"" ""?/?"" ""?/?"""
"1",""
"1"," ..."
"1",""
"1","
"
"1"," "
"1",""
"1","$ "
"1",""
"1","PZA00065.2    "
"1",""
"1",":"
"1"," chr  "
"1",""
"1","""C/C"" ""C/C"" ""C/C"" ""C/C"""
"1",""
"1"," ..."
"1",""
"1","
"
"1"," "
"1",""
"1","$ "
"1",""
"1","PZA00069.4    "
"1",""
"1",":"
"1"," chr  "
"1",""
"1","""C/C"" ""C/C"" ""C/C"" ""C/C"""
"1",""
"1"," ..."
"1",""
"1","
"
"1"," "
"1",""
"1","$ "
"1",""
"1","PZA00070.5    "
"1",""
"1",":"
"1"," chr  "
"1",""
"1","""C/C"" ""C/C"" ""C/C"" ""C/C"""
"1",""
"1"," ..."
"1",""
"1","
"
"1"," "
"1",""
"1","$ "
"1",""
"1","PZA00078.2    "
"1",""
"1",":"
"1"," chr  "
"1",""
"1","""C/C"" ""C/C"" ""C/C"" ""C/C"""
"1",""
"1"," ..."
"1",""
"1","
"
"1"," "
"1",""
"1","$ "
"1",""
"1","PZA00079.1    "
"1",""
"1",":"
"1"," chr  "
"1",""
"1","""C/C"" ""?/?"" ""C/C"" ""C/C"""
"1",""
"1"," ..."
"1",""
"1","
"
"1"," "
"1",""
"1","$ "
"1",""
"1","PZA00081.17   "
"1",""
"1",":"
"1"," chr  "
"1",""
"1","""?/?"" ""T/T"" ""T/T"" ""T/T"""
"1",""
"1"," ..."
"1",""
"1","
"
"1"," "
"1",""
"1","$ "
"1",""
"1","PZA00084.2    "
"1",""
"1",":"
"1"," chr  "
"1",""
"1","""C/C"" ""C/C"" ""C/C"" ""C/C"""
"1",""
"1"," ..."
"1",""
"1","
"
"1"," "
"1",""
"1","$ "
"1",""
"1","PZA00084.3    "
"1",""
"1",":"
"1"," chr  "
"1",""
"1","""T/T"" ""T/T"" ""T/T"" ""T/T"""
"1",""
"1"," ..."
"1",""
"1","
"
"1"," "
"1",""
"1","$ "
"1",""
"1","PZA00086.8    "
"1",""
"1",":"
"1"," chr  "
"1",""
"1","""?/?"" ""?/?"" ""?/?"" ""?/?"""
"1",""
"1"," ..."
"1",""
"1","
"
"1"," "
"1",""
"1","$ "
"1",""
"1","PZA00088.3    "
"1",""
"1",":"
"1"," chr  "
"1",""
"1","""G/G"" ""G/G"" ""G/G"" ""G/G"""
"1",""
"1"," ..."
"1",""
"1","
"
"1"," "
"1",""
"1","$ "
"1",""
"1","PZA00090.2    "
"1",""
"1",":"
"1"," chr  "
"1",""
"1","""A/A"" ""A/A"" ""?/?"" ""?/?"""
"1",""
"1"," ..."
"1",""
"1","
"
"1"," "
"1",""
"1","$ "
"1",""
"1","PZA00092.1    "
"1",""
"1",":"
"1"," chr  "
"1",""
"1","""?/?"" ""?/?"" ""T/T"" ""?/?"""
"1",""
"1"," ..."
"1",""
"1","
"
"1"," "
"1",""
"1","$ "
"1",""
"1","PZA00092.5    "
"1",""
"1",":"
"1"," chr  "
"1",""
"1","""?/?"" ""C/C"" ""C/C"" ""?/?"""
"1",""
"1"," ..."
"1",""
"1","
"
"1"," "
"1",""
"1","$ "
"1",""
"1","PZA00093.2    "
"1",""
"1",":"
"1"," chr  "
"1",""
"1","""?/?"" ""?/?"" ""?/?"" ""?/?"""
"1",""
"1"," ..."
"1",""
"1","
"
"1"," "
"1",""
"1","$ "
"1",""
"1","PZA00096.26   "
"1",""
"1",":"
"1"," chr  "
"1",""
"1","""T/T"" ""T/T"" ""T/T"" ""T/T"""
"1",""
"1"," ..."
"1",""
"1","
"
"1"," "
"1",""
"1","$ "
"1",""
"1","PZA00097.13   "
"1",""
"1",":"
"1"," chr  "
"1",""
"1","""G/G"" ""G/G"" ""G/G"" ""G/G"""
"1",""
"1"," ..."
"1",""
"1","
"
"1"," "
"1",""
"1","$ "
"1",""
"1","PZA00098.14   "
"1",""
"1",":"
"1"," chr  "
"1",""
"1","""?/?"" ""?/?"" ""C/C"" ""?/?"""
"1",""
"1"," ..."
"1",""
"1","
"
"1"," "
"1",""
"1","$ "
"1",""
"1","PZA00100.10   "
"1",""
"1",":"
"1"," chr  "
"1",""
"1","""?/?"" ""?/?"" ""?/?"" ""?/?"""
"1",""
"1"," ..."
"1",""
"1","
"
"1"," "
"1",""
"1","$ "
"1",""
"1","PZA00100.12   "
"1",""
"1",":"
"1"," chr  "
"1",""
"1","""T/T"" ""?/?"" ""T/T"" ""T/T"""
"1",""
"1"," ..."
"1",""
"1","
"
"1"," "
"1",""
"1","$ "
"1",""
"1","PZA00100.14   "
"1",""
"1",":"
"1"," chr  "
"1",""
"1","""?/?"" ""A/A"" ""A/A"" ""A/A"""
"1",""
"1"," ..."
"1",""
"1","
"
"1"," "
"1",""
"1","$ "
"1",""
"1","PZA00100.9    "
"1",""
"1",":"
"1"," chr  "
"1",""
"1","""C/C"" ""C/C"" ""C/C"" ""?/?"""
"1",""
"1"," ..."
"1",""
"1","
"
"1"," "
"1",""
"1","$ "
"1",""
"1","PZA00103.20   "
"1",""
"1",":"
"1"," chr  "
"1",""
"1","""A/A"" ""A/A"" ""A/A"" ""A/A"""
"1",""
"1"," ..."
"1",""
"1","
"
"1"," "
"1",""
"1","$ "
"1",""
"1","PZA00106.9    "
"1",""
"1",":"
"1"," chr  "
"1",""
"1","""G/G"" ""G/G"" ""G/G"" ""G/G"""
"1",""
"1"," ..."
"1",""
"1","
"
"1"," "
"1",""
"1","$ "
"1",""
"1","PZA00107.18   "
"1",""
"1",":"
"1"," chr  "
"1",""
"1","""?/?"" ""?/?"" ""?/?"" ""?/?"""
"1",""
"1"," ..."
"1",""
"1","
"
"1"," "
"1",""
"1","$ "
"1",""
"1","PZA00108.12   "
"1",""
"1",":"
"1"," chr  "
"1",""
"1","""?/?"" ""C/C"" ""C/C"" ""C/C"""
"1",""
"1"," ..."
"1",""
"1","
"
"1"," "
"1",""
"1","$ "
"1",""
"1","PZA00108.14   "
"1",""
"1",":"
"1"," chr  "
"1",""
"1","""G/G"" ""G/G"" ""G/G"" ""G/G"""
"1",""
"1"," ..."
"1",""
"1","
"
"1"," "
"1",""
"1","$ "
"1",""
"1","PZA00108.15   "
"1",""
"1",":"
"1"," chr  "
"1",""
"1","""A/A"" ""A/A"" ""A/A"" ""A/A"""
"1",""
"1"," ..."
"1",""
"1","
"
"1"," "
"1",""
"1","$ "
"1",""
"1","PZA00109.3    "
"1",""
"1",":"
"1"," chr  "
"1",""
"1","""A/A"" ""A/A"" ""?/?"" ""?/?"""
"1",""
"1"," ..."
"1",""
"1","
"
"1"," "
"1",""
"1","$ "
"1",""
"1","PZA00109.5    "
"1",""
"1",":"
"1"," chr  "
"1",""
"1","""A/A"" ""?/?"" ""A/A"" ""?/?"""
"1",""
"1"," ..."
"1",""
"1","
"
"1"," "
"1",""
"1","$ "
"1",""
"1","PZA00111.2    "
"1",""
"1",":"
"1"," chr  "
"1",""
"1","""T/T"" ""T/T"" ""T/T"" ""T/T"""
"1",""
"1"," ..."
"1",""
"1","
"
"1"," "
"1",""
"1","$ "
"1",""
"1","PZA00111.4    "
"1",""
"1",":"
"1"," chr  "
"1",""
"1","""C/C"" ""?/?"" ""C/C"" ""C/C"""
"1",""
"1"," ..."
"1",""
"1","
"
"1"," "
"1",""
"1","$ "
"1",""
"1","PZA00111.5    "
"1",""
"1",":"
"1"," chr  "
"1",""
"1","""?/?"" ""?/?"" ""A/A"" ""A/A"""
"1",""
"1"," ..."
"1",""
"1","
"
"1"," "
"1",""
"1","$ "
"1",""
"1","PZA00111.6    "
"1",""
"1",":"
"1"," chr  "
"1",""
"1","""C/C"" ""C/C"" ""C/C"" ""C/C"""
"1",""
"1"," ..."
"1",""
"1","
"
"1"," "
"1",""
"1","$ "
"1",""
"1","PZA00111.8    "
"1",""
"1",":"
"1"," chr  "
"1",""
"1","""T/T"" ""T/T"" ""T/T"" ""T/T"""
"1",""
"1"," ..."
"1",""
"1","
"
"1"," "
"1",""
"1","$ "
"1",""
"1","PZA00114.3    "
"1",""
"1",":"
"1"," chr  "
"1",""
"1","""C/C"" ""C/C"" ""C/C"" ""C/C"""
"1",""
"1"," ..."
"1",""
"1","
"
"1"," "
"1",""
"1","$ "
"1",""
"1","PZA00116.2    "
"1",""
"1",":"
"1"," chr  "
"1",""
"1","""C/T"" ""C/T"" ""C/T"" ""C/T"""
"1",""
"1"," ..."
"1",""
"1","
"
"1"," "
"1",""
"1","$ "
"1",""
"1","PZA00119.4    "
"1",""
"1",":"
"1"," chr  "
"1",""
"1","""G/G"" ""G/G"" ""G/G"" ""G/G"""
"1",""
"1"," ..."
"1",""
"1","
"
"1"," "
"1",""
"1","$ "
"1",""
"1","PZA00120.4    "
"1",""
"1",":"
"1"," chr  "
"1",""
"1","""G/G"" ""G/G"" ""G/G"" ""G/G"""
"1",""
"1"," ..."
"1",""
"1","
"
"1"," "
"1",""
"1","$ "
"1",""
"1","PZA00123.1    "
"1",""
"1",":"
"1"," chr  "
"1",""
"1","""?/?"" ""?/?"" ""?/?"" ""?/?"""
"1",""
"1"," ..."
"1",""
"1","
"
"1"," "
"1",""
"1","$ "
"1",""
"1","PZA00125.2    "
"1",""
"1",":"
"1"," chr  "
"1",""
"1","""?/?"" ""?/?"" ""?/?"" ""?/?"""
"1",""
"1"," ..."
"1",""
"1","
"
"1"," "
"1",""
"1","$ "
"1",""
"1","PZA00131.14   "
"1",""
"1",":"
"1"," chr  "
"1",""
"1","""C/C"" ""C/C"" ""C/C"" ""C/C"""
"1",""
"1"," ..."
"1",""
"1","
"
"1"," "
"1",""
"1","$ "
"1",""
"1","PZA00132.17   "
"1",""
"1",":"
"1"," chr  "
"1",""
"1","""T/T"" ""T/T"" ""T/T"" ""T/T"""
"1",""
"1"," ..."
"1",""
"1","
"
"1"," "
"1"," "
"1","[list output truncated]
"
"0","class(snp) "
"1","[1]"
"1"," ""data.frame"""
"1","
"
"0","str(snp)"
"1","'data.frame':	"
"1",""
"1","983"
"1",""
"1"," obs. of  "
"1",""
"1","15"
"1",""
"1"," variable"
"1",""
"1","s"
"1",""
"1",":"
"1",""
"1","
"
"1"," "
"1",""
"1","$ "
"1",""
"1","SNP_ID              "
"1",""
"1",":"
"1"," chr  "
"1",""
"1","""abph1.20"" ""abph1.22"" ""ae1.3"" ""ae1.4"""
"1",""
"1"," ..."
"1",""
"1","
"
"1"," "
"1",""
"1","$ "
"1",""
"1","cdv_marker_id       "
"1",""
"1",":"
"1"," int  "
"1",""
"1","5976 5978 6605 6606 6607 5982 3463 3466 5983 5985"
"1",""
"1"," ..."
"1",""
"1","
"
"1"," "
"1",""
"1","$ "
"1",""
"1","Chromosome          "
"1",""
"1",":"
"1"," chr  "
"1",""
"1","""2"" ""2"" ""5"" ""5"""
"1",""
"1"," ..."
"1",""
"1","
"
"1"," "
"1",""
"1","$ "
"1",""
"1","Position            "
"1",""
"1",":"
"1"," chr  "
"1",""
"1","""27403404"" ""27403892"" ""167889790"" ""167889682"""
"1",""
"1"," ..."
"1",""
"1","
"
"1"," "
"1",""
"1","$ "
"1",""
"1","alt_pos             "
"1",""
"1",":"
"1"," chr  "
"1",""
"1",""""" """" """" """""
"1",""
"1"," ..."
"1",""
"1","
"
"1"," "
"1",""
"1","$ "
"1",""
"1","mult_positions      "
"1",""
"1",":"
"1"," chr  "
"1",""
"1",""""" """" """" """""
"1",""
"1"," ..."
"1",""
"1","
"
"1"," "
"1",""
"1","$ "
"1",""
"1","amplicon            "
"1",""
"1",":"
"1"," chr  "
"1",""
"1","""abph1"" ""abph1"" ""ae1"" ""ae1"""
"1",""
"1"," ..."
"1",""
"1","
"
"1"," "
"1",""
"1","$ "
"1",""
"1","cdv_map_feature.name"
"1",""
"1",":"
"1"," chr  "
"1",""
"1","""AB042260"" ""AB042260"" ""ae1"" ""ae1"""
"1",""
"1"," ..."
"1",""
"1","
"
"1"," "
"1",""
"1","$ "
"1",""
"1","gene                "
"1",""
"1",":"
"1"," chr  "
"1",""
"1","""abph1"" ""abph1"" ""ae1"" ""ae1"""
"1",""
"1"," ..."
"1",""
"1","
"
"1"," "
"1",""
"1","$ "
"1",""
"1","candidate.random    "
"1",""
"1",":"
"1"," chr  "
"1",""
"1","""candidate"" ""candidate"" ""candidate"" ""candidate"""
"1",""
"1"," ..."
"1",""
"1","
"
"1"," "
"1",""
"1","$ "
"1",""
"1","Genaissance_daa_id  "
"1",""
"1",":"
"1"," int  "
"1",""
"1","8393 8394 8395 8396 8397 8398 8399 8400 8401 8402"
"1",""
"1"," ..."
"1",""
"1","
"
"1"," "
"1",""
"1","$ "
"1",""
"1","Sequenom_daa_id     "
"1",""
"1",":"
"1"," int  "
"1",""
"1","10474 10475 10477 10478 10479 10481 10482 10483 10486 10487"
"1",""
"1"," ..."
"1",""
"1","
"
"1"," "
"1",""
"1","$ "
"1",""
"1","count_amplicons     "
"1",""
"1",":"
"1"," int  "
"1",""
"1","1 0 1 0 0 1 1 0 1 0"
"1",""
"1"," ..."
"1",""
"1","
"
"1"," "
"1",""
"1","$ "
"1",""
"1","count_cmf           "
"1",""
"1",":"
"1"," int  "
"1",""
"1","1 0 1 0 0 1 0 0 1 0"
"1",""
"1"," ..."
"1",""
"1","
"
"1"," "
"1",""
"1","$ "
"1",""
"1","count_gene          "
"1",""
"1",":"
"1"," int  "
"1",""
"1","1 0 1 0 0 1 1 0 1 0"
"1",""
"1"," ..."
"1",""
"1","
"
